Response,R2_Approximate,Adjusted_R2_Approximate,RMSE,Mean_Response,Observations
Lvalue,0.918479954181596,0.9147484027885,0.18522285335061237,86.0493456375839,298
Avalue,0.9920205606961482,0.9916553046716761,0.06487067505363756,4.365385906040268,298
Bvalue,0.9942449269601774,0.9939814905182137,0.11322308300389004,5.778540268456376,298
