Response,DF_LackOfFit,SS_LackOfFit,MS_LackOfFit,DF_PureError,SS_PureError,MS_PureError,F_Ratio,p_Value
Lvalue,9,0.028613485196061876,0.003179276132895764,273,10.195023125000004,0.037344407051282065,0.08513392992235544,0.9998044675783543
Avalue,9,0.0006589128832882654,7.321254258758505e-05,273,1.2533860227272724,0.004591157592407591,0.015946423339651163,0.9999998647638005
Bvalue,9,0.0014998312400998821,0.00016664791556665357,273,3.8187011931818207,0.013987916458541468,0.011913705379966938,0.9999999630201478
