Variable,Mean,StdDev
dye1,0.25134228187919466,0.04134740228031187
dye2,0.03967785234899329,0.006611225410456341
Time,6.981208053691275,1.158184712900703
Temp,15.0,0.8273836826945898
